Obrigado;agradecimento
Obrigada;agradecimento
Muito obrigado;agradecimento
Muito obrigada;agradecimento
Agradeço a ajuda;agradecimento
Agradeço o apoio;agradecimento
Agradeço a atenção;agradecimento
Grato;agradecimento
Grata;agradecimento
Fico muito grato;agradecimento
Fico muito grata;agradecimento
Sou muito grato;agradecimento
Sou muito grata;agradecimento
Obrigado pela ajuda;agradecimento
Obrigada pela ajuda;agradecimento
Muito obrigado pela ajuda;agradecimento
Muito obrigada pela ajuda;agradecimento
Agradeço imensamente a ajuda;agradecimento
Sou muito grato pela ajuda;agradecimento
Sou muito grata pela ajuda;agradecimento
Obrigado pelo apoio;agradecimento
Obrigada pelo apoio;agradecimento
Muito obrigado pelo apoio;agradecimento
Muito obrigada pelo apoio;agradecimento
Agradeço imensamente o apoio;agradecimento
Sou muito grato pelo apoio;agradecimento
Sou muito grata pelo apoio;agradecimento
Obrigado pela atenção;agradecimento
Obrigada pela atenção;agradecimento
Muito obrigado pela atenção;agradecimento
Muito obrigada pela atenção;agradecimento
Agradeço imensamente a atenção;agradecimento
Sou muito grato pela atenção;agradecimento
Sou muito grata pela atenção;agradecimento
Obrigado por tudo;agradecimento
Obrigada por tudo;agradecimento
Muito obrigado por tudo;agradecimento
Muito obrigada por tudo;agradecimento
Agradeço imensamente por tudo;agradecimento
Sou muito grato por tudo;agradecimento
Sou muito grata por tudo;agradecimento
Obrigado pela sua gentileza;agradecimento
Obrigada pela sua gentileza;agradecimento
Muito obrigado pela sua gentileza;agradecimento
Muito obrigada pela sua gentileza;agradecimento
Agradeço imensamente a sua gentileza;agradecimento
Sou muito grato pela sua gentileza;agradecimento
Sou muito grata pela sua gentileza;agradecimento
Obrigado pela sua compreensão;agradecimento
Obrigada pela sua compreensão;agradecimento
Muito obrigado pela sua compreensão;agradecimento
Muito obrigada pela sua compreensão;agradecimento
Agradeço imensamente a sua compreensão;agradecimento
Sou muito grato pela sua compreensão;agradecimento
Sou muito grata pela sua compreensão;agradecimento
Obrigado pela sua paciência;agradecimento
Obrigada pela sua paciência;agradecimento
Muito obrigado pela sua paciência;agradecimento
Muito obrigada pela sua paciência;agradecimento
Agradeço imensamente a sua paciência;agradecimento
Sou muito grato pela sua paciência;agradecimento
Sou muito grata pela sua paciência;agradecimento
Obrigado pela sua colaboração;agradecimento
Obrigada pela sua colaboração;agradecimento
Muito obrigado pela sua colaboração;agradecimento
Muito obrigada pela sua colaboração;agradecimento
Agradeço imensamente a sua colaboração;agradecimento
Sou muito grato pela sua colaboração;agradecimento
Sou muito grata pela sua colaboração;agradecimento
Obrigado pelo seu tempo;agradecimento
Obrigada pelo seu tempo;agradecimento
Muito obrigado pelo seu tempo;agradecimento
Muito obrigada pelo seu tempo;agradecimento
Agradeço imensamente o seu tempo;agradecimento
Sou muito grato pelo seu tempo;agradecimento
Sou muito grata pelo seu tempo;agradecimento
Obrigado pela sua dedicação;agradecimento
Obrigada pela sua dedicação;agradecimento
Muito obrigado pela sua dedicação;agradecimento
Muito obrigada pela sua dedicação;agradecimento
Agradeço imensamente a sua dedicação;agradecimento
Sou muito grato pela sua dedicação;agradecimento
Sou muito grata pela sua dedicação;agradecimento
Obrigado pela sua ajuda;agradecimento
Obrigada pela sua ajuda;agradecimento
Muito obrigado pela sua ajuda;agradecimento
Muito obrigada pela sua ajuda;agradecimento
Agradeço imensamente a sua ajuda;agradecimento
Sou muito grato pela sua ajuda;agradecimento
Sou muito grata pela sua ajuda;agradecimento
Obrigado pelo seu trabalho;agradecimento
Obrigada pelo seu trabalho;agradecimento
Muito obrigado pelo seu trabalho;agradecimento
Muito obrigada pelo seu trabalho;agradecimento
Agradeço imensamente o seu trabalho;agradecimento
Sou muito grato pelo seu trabalho;agradecimento
Sou muito grata pelo seu trabalho;agradecimento
Obrigado pela sua competência;agradecimento
Obrigada pela sua competência;agradecimento
Muito obrigado pela sua competência;agradecimento
Muito obrigada pela sua competência;agradecimento
Agradeço imensamente a sua competência;agradecimento
Sou muito grato pela sua competência;agradecimento
Sou muito grata pela sua competência;agradecimento
Obrigado pela sua eficiência;agradecimento
Obrigada pela sua eficiência;agradecimento
Muito obrigado pela sua eficiência;agradecimento
Muito obrigada pela sua eficiência;agradecimento
Agradeço imensamente a sua eficiência;agradecimento
Sou muito grato pela sua eficiência;agradecimento
Sou muito grata pela sua eficiência;agradecimento
Obrigado pela sua presteza;agradecimento
Obrigada pela sua presteza;agradecimento
Muito obrigado pela sua presteza;agradecimento
Muito obrigada pela sua presteza;agradecimento
Agradeço imensamente a sua presteza;agradecimento
Sou muito grato pela sua presteza;agradecimento
Sou muito grata pela sua presteza;agradecimento
Obrigado pela sua rapidez;agradecimento
Obrigada pela sua rapidez;agradecimento
Muito obrigado pela sua rapidez;agradecimento
Muito obrigada pela sua rapidez;agradecimento
Agradeço imensamente a sua rapidez;agradecimento
Sou muito grato pela sua rapidez;agradecimento
Sou muito grata pela sua rapidez;agradecimento
Obrigado pela sua atenção e ajuda;agradecimento
Obrigada pela sua atenção e ajuda;agradecimento
Muito obrigado pela sua atenção e ajuda;agradecimento
Muito obrigada pela sua atenção e ajuda;agradecimento
Agradeço imensamente a sua atenção e ajuda;agradecimento
Sou muito grato pela sua atenção e ajuda;agradecimento
Sou muito grata pela sua atenção e ajuda;agradecimento
Obrigado pela sua atenção e paciência;agradecimento
Obrigada pela sua atenção e paciência;agradecimento
Muito obrigado pela sua atenção e paciência;agradecimento
Muito obrigada pela sua atenção e paciência;agradecimento
Agradeço imensamente a sua atenção e paciência;agradecimento
Sou muito grato pela sua atenção e paciência;agradecimento
Sou muito grata pela sua atenção e paciência;agradecimento
