Olá, boa tarde. Em que posso ajudar?;primeiro_atendimento
Olá, bom dia! Seja bem-vindo(a) à [Nome da Empresa]. Como posso te ajudar hoje?;primeiro_atendimento
Olá! Obrigado(a) por entrar em contato com a [Nome da Empresa]. Qual sua dúvida ou solicitação?;primeiro_atendimento
Olá! É um prazer atender você. Como posso te auxiliar neste primeiro contato?;primeiro_atendimento
Olá, tudo bem? Bem-vindo(a) à [Nome da Empresa]! Estou à disposição para o que precisar.;primeiro_atendimento
Olá! Que bom que você nos contactou! Como posso te ajudar logo no primeiro contato?;primeiro_atendimento
Olá! Seja bem-vindo(a)! Em que posso ser útil para você hoje?;primeiro_atendimento
Olá! É o seu primeiro contato com a [Nome da Empresa]? Como posso te ajudar da melhor forma?;primeiro_atendimento
Olá! Percebi que você está entrando em contato pela primeira vez. Qual o motivo do seu contato?;primeiro_atendimento
Olá! Seja muito bem-vindo(a)! Como posso te guiar neste primeiro atendimento?;primeiro_atendimento
Olá! Vejo que você é novo por aqui. Como posso te ajudar a dar o primeiro passo?;primeiro_atendimento
Olá! Que legal ter você aqui! Qual o seu primeiro contato conosco?;primeiro_atendimento
Olá! É a sua primeira vez na [Nome da Empresa]? Como posso tornar sua experiência a mais agradável possível?;primeiro_atendimento
Olá! Seja bem-vindo(a) à nossa central de atendimento! Como posso registrar o seu primeiro contato?;primeiro_atendimento
Olá! Estou aqui para te ajudar neste primeiro momento. Qual sua necessidade?;primeiro_atendimento
Olá! Que bom que você veio! Como posso te ajudar logo de cara?;primeiro_atendimento
Olá! É um prazer te receber! Qual o seu primeiro contato conosco?;primeiro_atendimento
Olá! Seja bem-vindo(a) ao nosso time! Como podemos te ajudar neste início de conversa?;primeiro_atendimento
Olá! Estou pronto para te atender da melhor forma! Qual sua primeira dúvida ou solicitação?;primeiro_atendimento
Olá! Que bom te ver por aqui! Como posso te ajudar neste primeiro contato?;primeiro_atendimento
Olá! Seja bem-vindo(a)! É a sua primeira vez entrando em contato conosco? Em que posso te ajudar?;primeiro_atendimento
Olá! Estou aqui para te dar todo o suporte necessário. Qual o seu primeiro contato conosco?;primeiro_atendimento
Olá! Que legal! Você está entrando em contato conosco pela primeira vez? Como podemos te ajudar?;primeiro_atendimento
Olá! Seja bem-vindo(a)! É um prazer te atender neste primeiro momento. Qual sua dúvida ou solicitação?;primeiro_atendimento
Olá! Estou à disposição para te ajudar neste primeiro contato. O que você precisa?;primeiro_atendimento
Olá! Que bom que você veio! Qual o motivo do seu primeiro contato conosco?;primeiro_atendimento
Olá! Seja bem-vindo(a)! É a sua primeira vez aqui? Como podemos te guiar?;primeiro_atendimento
Olá! Estou aqui para te dar as boas-vindas e te ajudar no que precisar. Qual o seu primeiro contato conosco?;primeiro_atendimento
Olá! Que legal te receber! Qual sua primeira dúvida ou solicitação?;primeiro_atendimento
Olá! Seja bem-vindo(a) à [Nome da Empresa]! É um prazer te atender neste primeiro contato. Como posso te ajudar?;primeiro_atendimento
Olá! Estou aqui para te dar todo o suporte necessário desde o primeiro momento. Qual sua necessidade?;primeiro_atendimento
Olá! Que bom te ver por aqui! É a sua primeira vez entrando em contato conosco? Em que posso te ajudar?;primeiro_atendimento
Olá! Seja bem-vindo(a)! É um prazer te atender neste primeiro contato. Qual sua dúvida ou solicitação?;primeiro_atendimento
Olá! Estou à disposição para te ajudar neste primeiro momento. O que você precisa?;primeiro_atendimento
Olá! Que bom que você veio! Qual o motivo do seu primeiro contato conosco?;primeiro_atendimento
Olá! Seja bem-vindo(a)! É a sua primeira vez aqui? Como podemos te guiar?;primeiro_atendimento
Olá! Estou aqui para te dar as boas-vindas e te ajudar no que precisar. Qual o seu primeiro contato conosco?;primeiro_atendimento
Olá! Que legal te receber! Qual sua primeira dúvida ou solicitação?;primeiro_atendimento
Olá! Seja bem-vindo(a) à [Nome da Empresa]! É um prazer te atender neste primeiro contato. Como posso te ajudar?;primeiro_atendimento
Olá! Estou aqui para te dar todo o suporte necessário desde o primeiro momento. Qual sua necessidade?;primeiro_atendimento
Olá! Que bom te ver por aqui! É a sua primeira vez entrando em contato conosco? Em que posso te ajudar?;primeiro_atendimento
